{"cameraMode":{"drawMode":0,"name":"Shaded","section":"Shading Mode"},"sceneLighting":true,"audioPlay":false,"sceneViewState":{"showFog":true,"showMaterialUpdate":false,"showSkybox":true,"showFlares":true,"showImageEffects":true,"showParticleSystems":true},"in2DMode":false,"pivot":{"x":2.4151322841644289,"y":3.8815231323242189,"z":9.332246780395508},"rotation":{"x":0.3149564266204834,"y":0.15425704419612885,"z":-0.05196051299571991,"w":0.9350485801696777},"size":20.003999710083009,"orthographic":false}