{"cameraMode":{"drawMode":0,"name":"Shaded","section":"Shading Mode"},"sceneLighting":true,"audioPlay":false,"sceneViewState":{"showFog":true,"showMaterialUpdate":false,"showSkybox":true,"showFlares":true,"showImageEffects":true,"showParticleSystems":true},"in2DMode":false,"pivot":{"x":2.2718091011047365,"y":6.712220191955566,"z":7.464878082275391},"rotation":{"x":0.4318535327911377,"y":-0.5073835253715515,"z":0.3269365727901459,"w":0.6702086329460144},"size":13.780500411987305,"orthographic":false}