{"cameraMode":{"drawMode":0,"name":"Shaded","section":"Shading Mode"},"sceneLighting":true,"audioPlay":false,"sceneViewState":{"showFog":true,"showMaterialUpdate":false,"showSkybox":true,"showFlares":true,"showImageEffects":true,"showParticleSystems":true},"in2DMode":false,"pivot":{"x":99.39999389648438,"y":55.899993896484378,"z":0.0},"rotation":{"x":0.13399024307727815,"y":-0.14659230411052705,"z":0.020044375211000444,"w":0.9798825979232788},"size":376.3326721191406,"orthographic":false}