{"cameraMode":{"drawMode":0,"name":"Shaded","section":"Shading Mode"},"sceneLighting":false,"audioPlay":false,"sceneViewState":{"showFog":true,"showMaterialUpdate":false,"showSkybox":false,"showFlares":true,"showImageEffects":true,"showParticleSystems":true},"in2DMode":false,"pivot":{"x":0.11102890968322754,"y":-0.05435311794281006,"z":0.15205836296081544},"rotation":{"x":-0.1156342476606369,"y":0.8286486268043518,"z":-0.18600653111934663,"w":-0.5151437520980835},"size":4.365520000457764,"orthographic":false}