{"cameraMode":{"drawMode":0,"name":"Shaded","section":"Shading Mode"},"sceneLighting":true,"audioPlay":false,"sceneViewState":{"showFog":true,"showMaterialUpdate":false,"showSkybox":true,"showFlares":true,"showImageEffects":true,"showParticleSystems":true},"in2DMode":false,"pivot":{"x":0.7628841400146484,"y":-2.5153722763061525,"z":1.7980527877807618},"rotation":{"x":-0.16094662249088288,"y":0.8372907042503357,"z":-0.3386160433292389,"w":-0.3979705572128296},"size":22.08478546142578,"orthographic":false}